{
	"partitions" : [
		{
			"name" : "Top",
			"pins" : [
				{
					"name" : "rw_control",
					"strict" : false
				},
				{
					"name" : "mem_to_reg",
					"strict" : false
				},
				{
					"name" : "re_en",
					"strict" : false
				},
				{
					"name" : "reg_dst",
					"strict" : false
				},
				{
					"name" : "wr_mem_en",
					"strict" : false
				},
				{
					"name" : "adress_reduzido[15]",
					"strict" : false
				},
				{
					"name" : "adress_reduzido[14]",
					"strict" : false
				},
				{
					"name" : "adress_reduzido[13]",
					"strict" : false
				},
				{
					"name" : "adress_reduzido[12]",
					"strict" : false
				},
				{
					"name" : "adress_reduzido[11]",
					"strict" : false
				},
				{
					"name" : "adress_reduzido[10]",
					"strict" : false
				},
				{
					"name" : "adress_reduzido[9]",
					"strict" : false
				},
				{
					"name" : "adress_reduzido[8]",
					"strict" : false
				},
				{
					"name" : "adress_reduzido[7]",
					"strict" : false
				},
				{
					"name" : "adress_reduzido[6]",
					"strict" : false
				},
				{
					"name" : "adress_reduzido[5]",
					"strict" : false
				},
				{
					"name" : "adress_reduzido[4]",
					"strict" : false
				},
				{
					"name" : "adress_reduzido[3]",
					"strict" : false
				},
				{
					"name" : "adress_reduzido[2]",
					"strict" : false
				},
				{
					"name" : "adress_reduzido[1]",
					"strict" : false
				},
				{
					"name" : "adress_reduzido[0]",
					"strict" : false
				},
				{
					"name" : "banco_reg[31]",
					"strict" : false
				},
				{
					"name" : "banco_reg[30]",
					"strict" : false
				},
				{
					"name" : "banco_reg[29]",
					"strict" : false
				},
				{
					"name" : "banco_reg[28]",
					"strict" : false
				},
				{
					"name" : "banco_reg[27]",
					"strict" : false
				},
				{
					"name" : "banco_reg[26]",
					"strict" : false
				},
				{
					"name" : "banco_reg[25]",
					"strict" : false
				},
				{
					"name" : "banco_reg[24]",
					"strict" : false
				},
				{
					"name" : "banco_reg[23]",
					"strict" : false
				},
				{
					"name" : "banco_reg[22]",
					"strict" : false
				},
				{
					"name" : "banco_reg[21]",
					"strict" : false
				},
				{
					"name" : "banco_reg[20]",
					"strict" : false
				},
				{
					"name" : "banco_reg[19]",
					"strict" : false
				},
				{
					"name" : "banco_reg[18]",
					"strict" : false
				},
				{
					"name" : "banco_reg[17]",
					"strict" : false
				},
				{
					"name" : "banco_reg[16]",
					"strict" : false
				},
				{
					"name" : "banco_reg[15]",
					"strict" : false
				},
				{
					"name" : "banco_reg[14]",
					"strict" : false
				},
				{
					"name" : "banco_reg[13]",
					"strict" : false
				},
				{
					"name" : "banco_reg[12]",
					"strict" : false
				},
				{
					"name" : "banco_reg[11]",
					"strict" : false
				},
				{
					"name" : "banco_reg[10]",
					"strict" : false
				},
				{
					"name" : "banco_reg[9]",
					"strict" : false
				},
				{
					"name" : "banco_reg[8]",
					"strict" : false
				},
				{
					"name" : "banco_reg[7]",
					"strict" : false
				},
				{
					"name" : "banco_reg[6]",
					"strict" : false
				},
				{
					"name" : "banco_reg[5]",
					"strict" : false
				},
				{
					"name" : "banco_reg[4]",
					"strict" : false
				},
				{
					"name" : "banco_reg[3]",
					"strict" : false
				},
				{
					"name" : "banco_reg[2]",
					"strict" : false
				},
				{
					"name" : "banco_reg[1]",
					"strict" : false
				},
				{
					"name" : "banco_reg[0]",
					"strict" : false
				},
				{
					"name" : "in_2_alu[31]",
					"strict" : false
				},
				{
					"name" : "in_2_alu[30]",
					"strict" : false
				},
				{
					"name" : "in_2_alu[29]",
					"strict" : false
				},
				{
					"name" : "in_2_alu[28]",
					"strict" : false
				},
				{
					"name" : "in_2_alu[27]",
					"strict" : false
				},
				{
					"name" : "in_2_alu[26]",
					"strict" : false
				},
				{
					"name" : "in_2_alu[25]",
					"strict" : false
				},
				{
					"name" : "in_2_alu[24]",
					"strict" : false
				},
				{
					"name" : "in_2_alu[23]",
					"strict" : false
				},
				{
					"name" : "in_2_alu[22]",
					"strict" : false
				},
				{
					"name" : "in_2_alu[21]",
					"strict" : false
				},
				{
					"name" : "in_2_alu[20]",
					"strict" : false
				},
				{
					"name" : "in_2_alu[19]",
					"strict" : false
				},
				{
					"name" : "in_2_alu[18]",
					"strict" : false
				},
				{
					"name" : "in_2_alu[17]",
					"strict" : false
				},
				{
					"name" : "in_2_alu[16]",
					"strict" : false
				},
				{
					"name" : "in_2_alu[15]",
					"strict" : false
				},
				{
					"name" : "in_2_alu[14]",
					"strict" : false
				},
				{
					"name" : "in_2_alu[13]",
					"strict" : false
				},
				{
					"name" : "in_2_alu[12]",
					"strict" : false
				},
				{
					"name" : "in_2_alu[11]",
					"strict" : false
				},
				{
					"name" : "in_2_alu[10]",
					"strict" : false
				},
				{
					"name" : "in_2_alu[9]",
					"strict" : false
				},
				{
					"name" : "in_2_alu[8]",
					"strict" : false
				},
				{
					"name" : "in_2_alu[7]",
					"strict" : false
				},
				{
					"name" : "in_2_alu[6]",
					"strict" : false
				},
				{
					"name" : "in_2_alu[5]",
					"strict" : false
				},
				{
					"name" : "in_2_alu[4]",
					"strict" : false
				},
				{
					"name" : "in_2_alu[3]",
					"strict" : false
				},
				{
					"name" : "in_2_alu[2]",
					"strict" : false
				},
				{
					"name" : "in_2_alu[1]",
					"strict" : false
				},
				{
					"name" : "in_2_alu[0]",
					"strict" : false
				},
				{
					"name" : "instruction_total[31]",
					"strict" : false
				},
				{
					"name" : "instruction_total[30]",
					"strict" : false
				},
				{
					"name" : "instruction_total[29]",
					"strict" : false
				},
				{
					"name" : "instruction_total[28]",
					"strict" : false
				},
				{
					"name" : "instruction_total[27]",
					"strict" : false
				},
				{
					"name" : "instruction_total[26]",
					"strict" : false
				},
				{
					"name" : "instruction_total[25]",
					"strict" : false
				},
				{
					"name" : "instruction_total[24]",
					"strict" : false
				},
				{
					"name" : "instruction_total[23]",
					"strict" : false
				},
				{
					"name" : "instruction_total[22]",
					"strict" : false
				},
				{
					"name" : "instruction_total[21]",
					"strict" : false
				},
				{
					"name" : "instruction_total[20]",
					"strict" : false
				},
				{
					"name" : "instruction_total[19]",
					"strict" : false
				},
				{
					"name" : "instruction_total[18]",
					"strict" : false
				},
				{
					"name" : "instruction_total[17]",
					"strict" : false
				},
				{
					"name" : "instruction_total[16]",
					"strict" : false
				},
				{
					"name" : "instruction_total[15]",
					"strict" : false
				},
				{
					"name" : "instruction_total[14]",
					"strict" : false
				},
				{
					"name" : "instruction_total[13]",
					"strict" : false
				},
				{
					"name" : "instruction_total[12]",
					"strict" : false
				},
				{
					"name" : "instruction_total[11]",
					"strict" : false
				},
				{
					"name" : "instruction_total[10]",
					"strict" : false
				},
				{
					"name" : "instruction_total[9]",
					"strict" : false
				},
				{
					"name" : "instruction_total[8]",
					"strict" : false
				},
				{
					"name" : "instruction_total[7]",
					"strict" : false
				},
				{
					"name" : "instruction_total[6]",
					"strict" : false
				},
				{
					"name" : "instruction_total[5]",
					"strict" : false
				},
				{
					"name" : "instruction_total[4]",
					"strict" : false
				},
				{
					"name" : "instruction_total[3]",
					"strict" : false
				},
				{
					"name" : "instruction_total[2]",
					"strict" : false
				},
				{
					"name" : "instruction_total[1]",
					"strict" : false
				},
				{
					"name" : "instruction_total[0]",
					"strict" : false
				},
				{
					"name" : "pc_pre[7]",
					"strict" : false
				},
				{
					"name" : "pc_pre[6]",
					"strict" : false
				},
				{
					"name" : "pc_pre[5]",
					"strict" : false
				},
				{
					"name" : "pc_pre[4]",
					"strict" : false
				},
				{
					"name" : "pc_pre[3]",
					"strict" : false
				},
				{
					"name" : "pc_pre[2]",
					"strict" : false
				},
				{
					"name" : "pc_pre[1]",
					"strict" : false
				},
				{
					"name" : "pc_pre[0]",
					"strict" : false
				},
				{
					"name" : "read_data1[31]",
					"strict" : false
				},
				{
					"name" : "read_data1[30]",
					"strict" : false
				},
				{
					"name" : "read_data1[29]",
					"strict" : false
				},
				{
					"name" : "read_data1[28]",
					"strict" : false
				},
				{
					"name" : "read_data1[27]",
					"strict" : false
				},
				{
					"name" : "read_data1[26]",
					"strict" : false
				},
				{
					"name" : "read_data1[25]",
					"strict" : false
				},
				{
					"name" : "read_data1[24]",
					"strict" : false
				},
				{
					"name" : "read_data1[23]",
					"strict" : false
				},
				{
					"name" : "read_data1[22]",
					"strict" : false
				},
				{
					"name" : "read_data1[21]",
					"strict" : false
				},
				{
					"name" : "read_data1[20]",
					"strict" : false
				},
				{
					"name" : "read_data1[19]",
					"strict" : false
				},
				{
					"name" : "read_data1[18]",
					"strict" : false
				},
				{
					"name" : "read_data1[17]",
					"strict" : false
				},
				{
					"name" : "read_data1[16]",
					"strict" : false
				},
				{
					"name" : "read_data1[15]",
					"strict" : false
				},
				{
					"name" : "read_data1[14]",
					"strict" : false
				},
				{
					"name" : "read_data1[13]",
					"strict" : false
				},
				{
					"name" : "read_data1[12]",
					"strict" : false
				},
				{
					"name" : "read_data1[11]",
					"strict" : false
				},
				{
					"name" : "read_data1[10]",
					"strict" : false
				},
				{
					"name" : "read_data1[9]",
					"strict" : false
				},
				{
					"name" : "read_data1[8]",
					"strict" : false
				},
				{
					"name" : "read_data1[7]",
					"strict" : false
				},
				{
					"name" : "read_data1[6]",
					"strict" : false
				},
				{
					"name" : "read_data1[5]",
					"strict" : false
				},
				{
					"name" : "read_data1[4]",
					"strict" : false
				},
				{
					"name" : "read_data1[3]",
					"strict" : false
				},
				{
					"name" : "read_data1[2]",
					"strict" : false
				},
				{
					"name" : "read_data1[1]",
					"strict" : false
				},
				{
					"name" : "read_data1[0]",
					"strict" : false
				},
				{
					"name" : "read_data2[31]",
					"strict" : false
				},
				{
					"name" : "read_data2[30]",
					"strict" : false
				},
				{
					"name" : "read_data2[29]",
					"strict" : false
				},
				{
					"name" : "read_data2[28]",
					"strict" : false
				},
				{
					"name" : "read_data2[27]",
					"strict" : false
				},
				{
					"name" : "read_data2[26]",
					"strict" : false
				},
				{
					"name" : "read_data2[25]",
					"strict" : false
				},
				{
					"name" : "read_data2[24]",
					"strict" : false
				},
				{
					"name" : "read_data2[23]",
					"strict" : false
				},
				{
					"name" : "read_data2[22]",
					"strict" : false
				},
				{
					"name" : "read_data2[21]",
					"strict" : false
				},
				{
					"name" : "read_data2[20]",
					"strict" : false
				},
				{
					"name" : "read_data2[19]",
					"strict" : false
				},
				{
					"name" : "read_data2[18]",
					"strict" : false
				},
				{
					"name" : "read_data2[17]",
					"strict" : false
				},
				{
					"name" : "read_data2[16]",
					"strict" : false
				},
				{
					"name" : "read_data2[15]",
					"strict" : false
				},
				{
					"name" : "read_data2[14]",
					"strict" : false
				},
				{
					"name" : "read_data2[13]",
					"strict" : false
				},
				{
					"name" : "read_data2[12]",
					"strict" : false
				},
				{
					"name" : "read_data2[11]",
					"strict" : false
				},
				{
					"name" : "read_data2[10]",
					"strict" : false
				},
				{
					"name" : "read_data2[9]",
					"strict" : false
				},
				{
					"name" : "read_data2[8]",
					"strict" : false
				},
				{
					"name" : "read_data2[7]",
					"strict" : false
				},
				{
					"name" : "read_data2[6]",
					"strict" : false
				},
				{
					"name" : "read_data2[5]",
					"strict" : false
				},
				{
					"name" : "read_data2[4]",
					"strict" : false
				},
				{
					"name" : "read_data2[3]",
					"strict" : false
				},
				{
					"name" : "read_data2[2]",
					"strict" : false
				},
				{
					"name" : "read_data2[1]",
					"strict" : false
				},
				{
					"name" : "read_data2[0]",
					"strict" : false
				},
				{
					"name" : "read_reg1[4]",
					"strict" : false
				},
				{
					"name" : "read_reg1[3]",
					"strict" : false
				},
				{
					"name" : "read_reg1[2]",
					"strict" : false
				},
				{
					"name" : "read_reg1[1]",
					"strict" : false
				},
				{
					"name" : "read_reg1[0]",
					"strict" : false
				},
				{
					"name" : "read_reg_2[4]",
					"strict" : false
				},
				{
					"name" : "read_reg_2[3]",
					"strict" : false
				},
				{
					"name" : "read_reg_2[2]",
					"strict" : false
				},
				{
					"name" : "read_reg_2[1]",
					"strict" : false
				},
				{
					"name" : "read_reg_2[0]",
					"strict" : false
				},
				{
					"name" : "ula_saida[31]",
					"strict" : false
				},
				{
					"name" : "ula_saida[30]",
					"strict" : false
				},
				{
					"name" : "ula_saida[29]",
					"strict" : false
				},
				{
					"name" : "ula_saida[28]",
					"strict" : false
				},
				{
					"name" : "ula_saida[27]",
					"strict" : false
				},
				{
					"name" : "ula_saida[26]",
					"strict" : false
				},
				{
					"name" : "ula_saida[25]",
					"strict" : false
				},
				{
					"name" : "ula_saida[24]",
					"strict" : false
				},
				{
					"name" : "ula_saida[23]",
					"strict" : false
				},
				{
					"name" : "ula_saida[22]",
					"strict" : false
				},
				{
					"name" : "ula_saida[21]",
					"strict" : false
				},
				{
					"name" : "ula_saida[20]",
					"strict" : false
				},
				{
					"name" : "ula_saida[19]",
					"strict" : false
				},
				{
					"name" : "ula_saida[18]",
					"strict" : false
				},
				{
					"name" : "ula_saida[17]",
					"strict" : false
				},
				{
					"name" : "ula_saida[16]",
					"strict" : false
				},
				{
					"name" : "ula_saida[15]",
					"strict" : false
				},
				{
					"name" : "ula_saida[14]",
					"strict" : false
				},
				{
					"name" : "ula_saida[13]",
					"strict" : false
				},
				{
					"name" : "ula_saida[12]",
					"strict" : false
				},
				{
					"name" : "ula_saida[11]",
					"strict" : false
				},
				{
					"name" : "ula_saida[10]",
					"strict" : false
				},
				{
					"name" : "ula_saida[9]",
					"strict" : false
				},
				{
					"name" : "ula_saida[8]",
					"strict" : false
				},
				{
					"name" : "ula_saida[7]",
					"strict" : false
				},
				{
					"name" : "ula_saida[6]",
					"strict" : false
				},
				{
					"name" : "ula_saida[5]",
					"strict" : false
				},
				{
					"name" : "ula_saida[4]",
					"strict" : false
				},
				{
					"name" : "ula_saida[3]",
					"strict" : false
				},
				{
					"name" : "ula_saida[2]",
					"strict" : false
				},
				{
					"name" : "ula_saida[1]",
					"strict" : false
				},
				{
					"name" : "ula_saida[0]",
					"strict" : false
				},
				{
					"name" : "write_reg[4]",
					"strict" : false
				},
				{
					"name" : "write_reg[3]",
					"strict" : false
				},
				{
					"name" : "write_reg[2]",
					"strict" : false
				},
				{
					"name" : "write_reg[1]",
					"strict" : false
				},
				{
					"name" : "write_reg[0]",
					"strict" : false
				},
				{
					"name" : "clock_adiantado",
					"strict" : false
				},
				{
					"name" : "clock",
					"strict" : false
				}
			]
		}
	]
}